month,category,net_inflow_crore
,,2413.0
,,3897.0
,,3533.0
,,4947.0
,,4214.0
,,466.0
,,1328.0
,,8052.0
,,37537.0
,,4400.0
,,784.0
,,2955.0
,,2076.0
,,5300.0
,,4092.0
,,5529.0
,,4368.0
,,553.0
,,1361.0
,,8354.0
,,41872.0
,,4833.0
,,836.0
,,3487.0
,,2519.0
,,5047.0
,,3535.0
,,4478.0
,,4610.0
,,472.0
,,1386.0
,,10030.0
,,40486.0
,,4321.0
,,864.0
,,3163.0
,,2574.0
,,4548.0
,,3582.0
,,4869.0
,,5023.0
,,471.0
,,1582.0
,,9896.0
,,34643.0
,,4170.0
,,959.0
,,3291.0
,,1940.0
,,3899.0
,,3376.0
,,5562.0
,,5411.0
,,499.0
,,1308.0
,,8360.0
,,41952.0
,,4658.0
,,952.0
,,3684.0
,,1879.0
,,4960.0
,,4137.0
,,5397.0
,,4528.0
,,537.0
,,1334.0
,,8518.0
,,35308.0
,,5327.0
,,925.0
,,3015.0
,,2255.0
,,4106.0
,,4444.0
,,6004.0
,,4581.0
,,537.0
,,1595.0
,,7680.0
,,39091.0
,,4675.0
,,898.0
,,3314.0
,,1870.0
,,4336.0
,,3256.0
,,6111.0
,,5556.0
,,571.0
,,1436.0
,,7397.0
,,40506.0
,,5316.0
,,704.0
,,3264.0
,,1923.0
,,5023.0
,,4249.0
,,4654.0
,,4878.0
,,521.0
,,1414.0
,,9820.0
,,34933.0
,,4159.0
,,831.0
,,3538.0
,,2025.0
,,4316.0
,,4554.0
,,5603.0
,,4816.0
,,516.0
,,1339.0
,,7893.0
,,33892.0
,,4752.0
,,744.0
,,2967.0
,,1925.0
,,4819.0
,,3534.0
,,6068.0
,,5524.0
,,437.0
,,1400.0
,,9215.0
,,32374.0
,,4033.0
,,942.0
,,3360.0
,,2234.0
,,5061.0
,,4304.0
,,4767.0
,,4243.0
,,500.0
,,1497.0
,,8614.0
,,38681.0
,,4886.0
,,956.0
,,2830.0
